outcode,pct_private_rented,pct_students,pct_employed
AL1,18.8,22.1,65.8
AL10,29.3,49.7,40.5
AL2,12.0,18.1,59.0
AL3,10.8,20.2,57.7
AL4,13.1,24.3,62.8
AL5,12.3,26.6,63.6
AL6,14.0,20.2,63.9
AL7,7.0,22.0,68.0
AL8,12.0,17.8,56.8
AL9,12.6,21.1,58.7
B1,55.4,20.1,70.4
B10,34.3,34.2,41.4
B11,32.2,21.4,54.0
B12,56.8,26.8,58.3
B13,16.7,22.3,54.9
B14,15.4,21.3,58.5
B15,25.3,28.2,48.3
B16,45.6,25.2,55.3
B17,31.8,20.1,65.0
B18,28.0,29.2,45.6
B19,19.2,29.8,45.7
B2,66.9,20.7,68.6
B20,16.2,22.5,57.8
B21,31.5,30.0,48.8
B23,20.0,23.2,56.5
B24,17.0,26.1,55.1
B25,18.9,24.6,52.6
B26,13.3,24.7,52.9
B27,27.2,21.1,57.6
B28,21.6,28.1,48.6
B29,34.1,32.7,44.4
B3,55.4,20.1,70.4
B30,25.9,19.4,66.0
B31,16.5,26.3,56.7
B32,13.6,24.0,52.1
B33,16.2,24.1,54.5
B34,12.4,23.0,52.6
B35,9.5,22.5,53.0
B36,9.1,16.0,53.8
B37,13.7,18.1,58.6
B38,11.2,25.8,50.6
B4,35.0,64.4,24.9
B42,18.2,21.4,60.2
B43,14.0,17.5,57.7
B44,19.8,19.7,58.8
B45,7.4,18.4,61.8
B46,15.9,15.6,61.1
B47,9.6,17.9,56.6
B48,9.6,17.9,56.6
B49,16.7,14.5,56.8
B5,38.7,54.6,32.1
B50,11.0,16.6,60.6
B6,37.0,25.8,56.7
B60,9.0,21.4,63.2
B61,12.2,19.5,62.4
B62,18.0,20.5,60.0
B63,14.4,18.0,56.3
B64,17.2,20.4,56.8
B65,13.1,20.8,57.1
B66,29.7,30.3,50.6
B67,33.9,21.1,65.7
B68,13.0,20.9,58.9
B69,26.3,23.8,60.7
B7,23.7,35.2,44.6
B70,17.4,24.2,55.8
B71,16.9,24.1,55.8
B72,8.5,17.3,53.5
B73,8.5,17.3,53.5
B74,8.1,17.1,56.2
B75,10.5,22.3,61.7
B76,12.7,18.1,57.4
B77,10.0,17.9,61.5
B78,16.1,15.4,55.8
B79,9.3,17.2,58.4
B8,19.9,34.6,43.0
B80,14.0,17.6,57.5
B9,30.3,38.0,43.4
B90,13.6,16.0,58.2
B91,15.6,19.2,54.7
B92,14.4,18.3,59.3
B93,10.3,19.2,52.4
B94,10.0,15.0,58.3
B95,11.3,15.1,53.8
B96,14.1,16.6,61.0
B97,11.6,16.5,61.5
B98,9.6,17.9,56.6
BA1,39.8,25.2,53.3
BA10,20.3,22.0,58.1
BA11,17.1,17.0,58.5
BA12,12.5,15.6,61.8
BA13,24.2,16.4,62.6
BA14,26.2,15.5,63.2
BA15,12.1,16.5,54.1
BA16,22.9,18.1,58.4
BA2,13.7,25.6,54.7
BA20,38.1,15.8,65.2
BA21,24.8,19.5,61.8
BA22,12.1,15.0,53.4
BA3,13.7,19.5,59.0
BA4,15.1,15.7,60.1
BA5,18.9,15.5,59.1
BA6,14.7,25.3,55.4
BA7,14.7,14.6,54.1
BA8,15.7,15.6,57.0
BA9,20.4,15.6,58.5
BB1,27.0,17.9,57.4
BB10,11.5,18.0,52.4
BB11,37.7,21.1,51.9
BB12,16.5,14.8,57.0
BB18,17.1,16.8,58.6
BB2,35.6,23.0,56.3
BB3,16.9,16.6,61.2
BB4,21.2,21.2,56.7
BB5,27.3,20.3,55.3
BB6,11.4,17.8,60.1
BB7,20.1,18.7,57.6
BB8,21.2,19.9,56.3
BB9,16.5,14.8,57.0
BD1,62.1,28.1,53.1
BD10,15.5,15.7,65.1
BD11,15.0,16.7,59.6
BD12,20.0,20.3,56.7
BD13,18.7,18.4,64.0
BD14,20.7,24.5,56.1
BD15,18.7,26.5,54.2
BD16,11.9,16.6,56.5
BD17,10.8,16.3,54.7
BD18,18.5,19.4,58.6
BD19,15.1,19.6,61.4
BD2,22.6,25.1,60.4
BD20,13.7,15.2,60.8
BD21,32.1,25.9,52.9
BD22,24.7,27.3,53.6
BD23,29.9,16.2,60.7
BD24,17.2,13.2,52.5
BD3,34.6,33.3,47.2
BD4,24.3,26.8,53.8
BD5,36.7,28.7,49.6
BD6,17.0,16.7,58.2
BD7,36.7,28.7,49.6
BD8,34.9,32.8,47.8
BD9,27.6,28.6,53.0
BH1,56.2,34.2,45.9
BH10,21.4,24.8,54.3
BH11,12.6,18.6,62.1
BH12,16.0,20.2,57.3
BH13,20.7,9.9,40.5
BH14,22.2,16.1,56.6
BH15,32.1,15.9,56.1
BH16,15.6,16.8,55.6
BH17,19.4,19.0,64.8
BH18,6.9,16.1,52.1
BH19,17.5,12.5,46.9
BH2,54.9,30.1,51.0
BH20,23.7,17.7,60.0
BH21,18.4,16.5,53.2
BH22,8.7,9.8,42.6
BH23,10.8,14.5,48.7
BH24,7.2,11.8,45.3
BH25,20.7,12.4,48.3
BH3,31.5,28.8,48.8
BH31,10.6,16.7,54.0
BH4,45.1,9.2,60.5
BH5,60.3,14.8,63.7
BH6,18.6,14.3,51.0
BH7,18.2,20.0,61.8
BH8,26.0,25.7,58.8
BH9,43.5,39.6,47.4
BL0,18.7,19.7,61.6
BL1,39.6,26.7,51.8
BL2,9.5,26.7,50.3
BL3,23.7,25.8,43.9
BL4,20.9,17.1,54.8
BL5,9.4,18.6,64.4
BL6,10.0,20.9,52.2
BL7,10.4,17.8,61.4
BL8,12.1,18.7,61.5
BL9,38.0,24.6,55.2
BN1,37.7,22.3,66.4
BN10,15.9,17.3,56.0
BN11,38.8,11.2,54.4
BN12,16.3,17.2,61.4
BN13,29.4,20.1,66.8
BN14,6.7,12.6,50.0
BN15,14.5,14.7,54.6
BN16,11.2,17.4,54.3
BN17,18.2,17.1,59.0
BN18,12.8,16.8,57.4
BN2,41.1,18.9,59.9
BN20,10.5,12.8,48.9
BN21,49.9,15.0,51.6
BN22,18.1,22.0,57.4
BN23,29.4,14.7,51.5
BN24,12.8,15.8,56.3
BN25,27.6,12.3,50.6
BN26,11.7,17.6,54.7
BN27,16.8,15.3,56.2
BN3,60.9,13.5,72.0
BN41,16.7,20.0,61.7
BN42,10.8,19.1,59.0
BN43,15.0,20.2,57.4
BN44,13.9,15.6,53.9
BN45,13.5,23.7,61.8
BN5,12.4,17.5,55.7
BN6,10.0,19.3,57.9
BN7,20.2,18.3,59.2
BN8,11.8,19.0,59.6
BN9,22.9,16.8,56.7
BR1,10.9,19.6,59.5
BR2,5.0,22.5,62.9
BR3,33.2,14.6,70.0
BR4,11.3,20.9,59.9
BR5,14.2,19.6,63.4
BR6,9.1,18.8,59.4
BR7,8.8,19.3,55.7
BR8,11.4,16.4,63.1
BS1,50.5,49.6,40.5
BS10,17.7,23.2,60.0
BS11,10.1,24.8,59.5
BS13,17.5,18.7,63.5
BS14,9.4,15.9,58.0
BS15,25.2,17.1,67.1
BS16,11.3,17.2,63.9
BS2,42.0,26.9,64.6
BS20,13.2,21.5,61.7
BS21,10.7,20.5,60.9
BS22,12.8,16.0,54.6
BS23,14.3,17.7,52.3
BS24,14.3,17.7,52.3
BS25,13.8,17.2,56.1
BS26,13.8,17.2,56.1
BS27,13.9,18.5,54.5
BS28,10.7,17.3,55.2
BS29,11.3,16.8,55.6
BS3,32.2,14.9,76.7
BS30,15.5,16.9,60.8
BS31,14.3,17.8,60.2
BS32,32.4,20.7,75.4
BS34,26.3,25.4,56.2
BS35,10.9,17.6,58.4
BS36,7.2,19.7,59.3
BS37,12.3,18.0,60.6
BS39,12.0,18.2,61.7
BS4,17.5,17.5,65.9
BS40,12.9,17.8,59.7
BS41,10.7,20.5,60.9
BS48,10.8,21.5,58.9
BS49,10.6,18.1,59.7
BS5,31.6,22.2,64.2
BS6,39.5,29.2,64.1
BS7,29.6,29.2,57.3
BS8,57.7,34.5,56.2
BS9,8.4,20.2,59.8
CA1,34.3,17.7,64.8
CA10,19.1,14.7,58.4
CA11,22.0,15.9,62.0
CA12,12.7,13.5,54.1
CA13,11.6,14.7,53.9
CA14,14.0,15.6,58.3
CA15,12.4,15.4,56.0
CA16,19.1,14.7,58.4
CA17,19.2,14.2,57.5
CA18,14.1,14.3,53.6
CA19,10.7,14.1,54.3
CA2,11.4,17.1,60.0
CA20,10.7,14.1,54.3
CA21,10.7,14.1,54.3
CA22,10.7,17.0,55.6
CA23,12.2,15.4,57.0
CA24,10.7,17.0,55.6
CA25,12.2,15.4,57.0
CA26,12.2,15.4,57.0
CA27,10.7,14.1,54.3
CA28,16.7,13.6,54.3
CA3,36.9,18.1,58.1
CA4,11.4,17.1,60.0
CA5,13.6,14.4,58.1
CA7,13.1,14.9,54.2
CA8,16.4,15.2,54.7
CA9,15.6,14.3,59.1
CB1,20.2,21.1,65.0
CB10,18.0,18.8,62.1
CB11,15.9,18.5,62.0
CB2,10.9,20.3,64.0
CB21,22.5,18.1,64.8
CB22,15.1,18.0,59.3
CB23,18.7,30.5,74.8
CB24,16.4,20.1,64.5
CB25,11.2,18.0,61.4
CB3,41.2,60.9,29.9
CB4,26.4,19.5,63.3
CB5,24.3,15.3,66.6
CB6,22.8,18.7,64.1
CB7,15.1,17.7,63.6
CB8,20.0,15.9,60.8
CB9,14.1,18.3,63.6
CF10,41.5,28.9,55.1
CF11,56.9,13.3,75.9
CF14,7.8,17.2,53.9
CF15,10.9,22.2,61.5
CF23,15.2,30.2,49.0
CF24,57.0,37.1,46.7
CF3,12.5,20.6,66.3
CF31,20.5,17.6,54.9
CF32,14.1,19.5,54.5
CF33,13.8,20.3,55.9
CF34,12.7,18.2,51.0
CF35,12.0,18.4,56.8
CF36,17.5,14.6,48.0
CF37,28.3,38.5,42.0
CF38,13.3,18.7,60.2
CF39,21.9,17.6,54.1
CF40,21.3,19.1,53.2
CF41,21.3,19.1,53.2
CF42,20.0,18.0,50.8
CF43,20.4,17.9,47.1
CF44,18.3,18.0,52.2
CF45,19.1,19.4,55.6
CF46,16.7,17.1,53.7
CF47,16.2,18.9,59.5
CF48,20.2,19.1,51.9
CF5,12.0,30.6,48.3
CF61,13.6,19.0,52.0
CF62,17.4,17.7,60.9
CF63,27.7,20.6,60.1
CF64,24.1,18.2,58.2
CF71,11.9,18.2,50.4
CF72,13.0,20.8,63.5
CF81,19.4,18.5,51.3
CF82,13.7,18.4,56.6
CF83,11.3,18.6,55.1
CH1,45.9,38.4,43.9
CH2,16.8,18.4,60.1
CH3,39.2,17.3,59.2
CH4,14.6,18.5,64.1
CH41,27.4,17.3,47.2
CH42,9.9,18.4,55.9
CH43,21.1,18.0,57.4
CH44,33.8,24.3,51.3
CH45,29.9,17.7,56.2
CH46,14.6,23.5,51.9
CH47,18.2,16.7,53.5
CH48,7.2,17.7,52.3
CH49,8.1,15.4,50.9
CH5,17.6,19.0,59.6
CH6,15.1,19.3,59.7
CH60,13.7,16.4,51.0
CH61,9.1,16.4,52.4
CH62,16.1,17.5,60.8
CH63,10.3,18.9,58.3
CH64,14.1,17.5,50.4
CH65,9.8,14.2,50.6
CH66,7.5,16.0,61.8
CH7,11.2,16.1,55.7
CH8,10.4,15.1,56.4
CM0,13.8,15.1,56.5
CM1,41.8,18.8,63.0
CM11,10.0,17.2,59.9
CM12,8.9,19.7,60.2
CM13,13.3,19.3,56.6
CM14,31.5,15.1,69.3
CM15,12.5,20.2,63.3
CM16,19.5,15.8,62.3
CM17,12.3,18.9,70.0
CM18,11.5,20.2,61.2
CM19,19.1,21.9,65.7
CM2,20.1,18.8,69.7
CM20,14.2,22.0,61.6
CM21,14.0,18.3,59.6
CM22,13.1,18.6,65.1
CM23,11.1,20.6,65.6
CM24,13.1,18.6,65.1
CM3,15.4,17.1,63.3
CM4,10.4,14.7,51.4
CM5,11.2,19.1,58.3
CM6,14.0,19.0,62.4
CM7,33.0,15.2,65.2
CM77,13.2,21.2,63.9
CM8,9.9,17.5,61.4
CM9,19.9,14.5,54.9
CO1,42.4,17.6,63.8
CO10,11.7,15.5,55.4
CO11,16.5,15.9,57.5
CO12,12.3,16.1,51.7
CO13,13.2,12.4,41.4
CO14,23.6,12.7,39.1
CO15,48.4,16.7,46.1
CO16,20.3,15.6,52.7
CO2,33.2,44.0,38.4
CO3,42.4,17.6,63.8
CO4,15.7,18.4,56.3
CO5,11.2,13.1,46.9
CO6,11.9,15.2,55.2
CO7,10.6,15.8,55.5
CO8,11.7,15.5,55.4
CO9,18.8,18.1,61.0
CR0,35.3,26.6,60.4
CR2,47.3,18.5,68.2
CR3,11.7,17.9,58.1
CR4,25.0,25.5,63.1
CR5,8.0,20.8,67.6
CR6,10.1,18.0,58.0
CR7,30.9,24.1,60.3
CR8,14.1,21.3,64.7
CT1,33.8,38.4,41.8
CT12,14.4,16.6,50.0
CT13,14.6,15.2,50.4
CT14,14.7,17.1,51.2
CT15,11.7,12.7,45.1
CT16,10.4,14.4,53.1
CT17,38.2,19.7,59.5
CT18,11.1,14.3,55.4
CT19,20.7,19.5,60.7
CT2,14.0,19.3,56.0
CT20,20.7,19.5,60.7
CT21,9.4,14.4,53.9
CT3,10.2,20.8,61.8
CT4,16.0,53.6,28.6
CT5,10.3,15.0,47.6
CT6,9.1,13.9,46.0
CT7,14.4,12.3,41.4
CT8,27.0,15.9,52.5
CT9,15.5,14.3,47.6
CV1,61.8,56.1,32.9
CV10,13.0,18.7,67.8
CV11,15.1,14.7,60.8
CV12,9.7,13.4,49.0
CV13,13.7,16.2,57.1
CV2,13.4,18.7,60.7
CV21,43.3,18.1,72.2
CV22,11.7,23.5,66.3
CV23,11.7,23.5,66.3
CV3,10.8,16.0,58.6
CV31,31.2,26.4,58.0
CV32,28.2,22.8,56.6
CV33,10.7,32.9,47.2
CV34,15.9,20.0,65.4
CV35,10.0,20.6,66.3
CV36,12.6,18.3,63.3
CV37,13.7,17.8,58.1
CV4,16.6,19.2,62.6
CV47,10.7,16.8,65.8
CV5,12.0,17.5,56.9
CV6,22.3,20.6,61.6
CV7,11.1,19.2,57.6
CV8,20.3,18.8,56.1
CV9,19.3,17.1,57.2
CW1,16.5,20.8,61.7
CW10,11.1,17.2,59.5
CW11,11.9,14.8,54.5
CW12,9.8,17.5,58.5
CW2,9.9,16.6,61.6
CW3,13.8,14.7,56.1
CW4,10.0,18.3,54.0
CW5,14.1,21.5,65.4
CW6,11.9,15.8,54.0
CW7,15.5,19.6,61.7
CW8,8.5,17.0,55.3
CW9,11.1,17.2,59.5
DA1,11.3,23.4,61.6
DA10,21.8,21.1,66.6
DA11,29.1,24.5,64.0
DA12,26.3,22.3,64.2
DA13,8.4,16.0,54.6
DA14,16.6,18.3,57.9
DA15,9.0,19.1,62.9
DA16,15.9,20.1,63.0
DA17,17.3,20.8,62.6
DA18,19.2,27.0,59.4
DA2,8.4,18.0,58.6
DA3,9.2,16.1,54.8
DA4,11.9,16.3,59.9
DA5,8.2,18.7,57.1
DA6,20.6,18.4,62.5
DA7,20.6,18.4,62.5
DA8,11.3,23.4,61.6
DA9,21.8,21.1,66.6
DE1,51.9,26.9,58.1
DE11,21.6,19.6,69.4
DE12,11.9,16.2,59.7
DE13,29.3,23.5,64.3
DE14,37.5,22.3,62.8
DE15,11.4,21.5,57.0
DE21,10.9,15.4,53.3
DE22,35.4,38.3,42.7
DE23,35.9,26.4,52.3
DE24,23.9,21.1,60.9
DE3,11.2,17.2,57.7
DE4,13.7,14.1,53.0
DE45,19.3,14.3,52.1
DE5,13.9,17.1,57.4
DE55,10.6,13.9,54.1
DE56,13.6,21.0,58.0
DE6,13.1,18.1,59.9
DE65,11.4,21.5,57.0
DE7,8.6,16.6,58.2
DE72,9.4,18.2,63.8
DE73,17.9,16.8,58.6
DE74,15.9,16.2,62.1
DE75,17.9,16.4,60.8
DH1,55.6,79.9,8.7
DH2,14.1,18.7,55.4
DH3,11.0,15.6,53.7
DH4,13.0,18.2,59.8
DH5,13.8,14.4,52.0
DH6,13.4,17.6,59.5
DH7,14.6,18.1,56.0
DH8,24.5,15.8,58.3
DH9,16.9,21.4,55.2
DL1,20.1,20.6,59.4
DL10,20.2,14.1,56.0
DL11,20.2,10.5,56.2
DL12,19.1,14.7,51.1
DL13,16.2,14.1,51.5
DL14,13.6,20.6,49.7
DL15,20.4,16.6,54.7
DL16,15.7,17.9,57.9
DL17,21.1,18.1,57.0
DL2,17.7,15.2,53.9
DL3,16.0,19.9,62.1
DL4,22.1,17.8,51.3
DL5,21.0,23.8,50.1
DL6,11.1,12.7,49.8
DL7,11.7,13.1,54.0
DL8,17.6,14.7,57.4
DL9,35.7,19.4,71.0
DN1,42.9,16.8,62.3
DN10,10.9,15.8,56.0
DN11,15.1,17.0,58.0
DN12,15.3,19.5,57.2
DN14,14.2,15.5,60.0
DN15,17.0,13.3,51.1
DN16,18.3,22.1,59.6
DN17,14.6,17.4,56.3
DN18,17.7,16.2,56.8
DN19,15.9,16.8,55.6
DN2,16.1,19.4,58.0
DN21,10.7,12.7,49.5
DN22,12.9,13.0,49.9
DN3,14.1,17.9,57.9
DN31,45.8,19.2,58.3
DN32,48.8,23.1,59.6
DN33,12.7,18.8,59.2
DN34,23.9,20.4,58.5
DN35,9.5,12.9,49.8
DN36,8.2,16.7,57.2
DN37,11.4,13.9,51.6
DN38,17.4,17.5,56.1
DN39,17.4,17.5,56.1
DN4,14.5,15.9,57.1
DN40,16.6,18.6,55.2
DN41,11.0,17.8,58.8
DN5,14.8,16.5,58.1
DN6,18.2,19.0,58.2
DN7,13.0,11.4,46.0
DN8,17.9,22.1,57.3
DN9,16.1,18.6,64.1
DT1,21.8,11.9,49.3
DT10,15.0,14.1,51.6
DT11,14.1,14.8,54.7
DT2,16.3,13.3,50.5
DT3,17.5,17.2,58.3
DT4,40.1,12.1,51.1
DT5,25.4,14.8,49.9
DT6,12.6,12.5,45.7
DT7,12.6,12.5,45.7
DT8,18.3,13.5,51.3
DT9,20.4,15.6,58.5
DY1,29.5,21.3,55.5
DY10,16.3,15.9,61.2
DY11,12.9,16.5,55.1
DY12,13.3,15.1,50.9
DY13,11.1,16.8,55.7
DY14,13.5,12.9,50.5
DY2,27.8,24.7,56.0
DY3,12.8,18.1,66.2
DY4,11.5,26.9,53.8
DY5,26.0,18.4,58.0
DY6,13.9,15.7,58.8
DY7,10.3,14.6,56.7
DY8,15.3,19.9,63.5
DY9,7.3,17.7,49.9
E1,55.3,29.6,60.3
E11,29.7,16.2,64.6
E12,41.0,32.3,52.3
E13,39.4,26.3,62.3
E14,64.3,15.9,79.6
E15,37.2,22.8,64.2
E16,46.0,20.5,69.2
E17,35.9,21.2,67.3
E18,29.7,16.2,64.6
E1W,48.3,20.3,71.0
E2,30.5,18.9,69.9
E20,53.8,25.1,75.0
E3,38.1,18.7,71.0
E4,19.7,20.9,60.9
E5,27.8,20.7,64.9
E6,48.5,27.7,57.3
E7,40.1,27.8,56.1
E8,40.2,17.7,72.7
E9,27.5,20.2,65.2
EC1A,48.3,13.9,69.4
EC1M,35.9,26.4,59.8
EC1N,48.3,13.9,69.4
EC1R,36.6,24.1,59.3
EC1V,37.3,23.5,65.8
EC1Y,28.3,24.6,60.7
EC2A,58.5,21.1,72.4
EC2M,48.3,13.9,69.4
EC2Y,48.3,13.9,69.4
EC3N,48.3,13.9,69.4
EC3R,48.3,13.9,69.4
EC4A,48.3,13.9,69.4
EC4M,48.3,13.9,69.4
EC4V,48.3,13.9,69.4
EC4Y,48.3,13.9,69.4
EN1,16.2,22.2,60.6
EN10,10.1,15.2,60.2
EN11,25.3,16.8,62.3
EN2,27.3,18.2,60.8
EN3,33.6,30.7,53.7
EN4,33.8,23.1,64.9
EN5,24.1,18.8,61.8
EN6,11.6,17.8,57.9
EN7,8.2,16.9,63.1
EN8,23.5,18.7,61.9
EN9,14.2,19.5,65.0
EX1,14.1,18.5,65.9
EX10,17.2,16.7,52.7
EX11,13.2,18.7,53.7
EX12,18.8,10.0,41.1
EX13,12.1,13.0,47.6
EX14,15.2,14.3,55.6
EX15,19.5,16.9,63.1
EX16,21.9,22.1,57.6
EX17,15.9,16.8,59.6
EX18,16.1,14.1,53.3
EX19,17.6,13.0,53.0
EX2,27.7,14.5,61.4
EX20,19.4,16.3,58.5
EX21,16.1,14.0,53.1
EX22,16.1,14.0,53.1
EX23,21.0,16.7,50.3
EX24,12.1,13.0,47.6
EX3,14.9,16.6,54.8
EX31,16.1,16.7,60.2
EX32,15.8,17.0,58.3
EX33,21.3,18.4,57.3
EX34,25.2,17.2,55.5
EX35,20.3,13.3,52.9
EX36,21.8,16.7,56.2
EX37,21.8,16.7,56.2
EX38,16.1,14.0,53.1
EX39,18.9,11.8,43.7
EX4,20.0,56.7,27.0
EX5,15.4,14.6,58.7
EX6,14.5,14.0,53.7
EX7,23.7,11.1,46.3
EX8,13.8,13.0,41.3
EX9,17.2,16.7,52.7
FY1,58.6,17.4,52.5
FY2,25.1,15.0,50.8
FY3,22.1,17.4,58.1
FY4,34.4,16.6,54.7
FY5,16.8,19.9,52.7
FY6,20.6,16.3,53.5
FY7,39.1,16.9,50.8
FY8,21.3,13.4,49.4
GL1,26.4,23.8,61.5
GL10,8.7,16.1,58.2
GL11,14.7,18.4,61.4
GL12,13.9,18.0,59.2
GL13,15.9,15.4,61.9
GL14,16.2,16.9,57.3
GL15,14.6,15.8,58.1
GL16,13.8,16.2,55.2
GL17,9.5,16.7,57.4
GL18,18.3,15.9,57.7
GL19,12.9,16.6,58.8
GL2,10.0,17.6,60.3
GL20,16.0,14.4,56.0
GL3,13.5,19.1,66.0
GL4,14.5,20.9,64.5
GL5,13.6,17.5,60.3
GL50,46.1,18.7,62.1
GL51,17.8,16.6,61.5
GL52,15.3,21.1,70.6
GL53,12.8,18.9,56.2
GL54,12.6,14.9,54.0
GL55,12.8,14.6,52.9
GL56,13.6,14.2,56.8
GL6,13.6,17.5,60.3
GL7,11.9,16.7,57.5
GL8,17.3,15.6,60.6
GL9,15.5,16.9,60.8
GU1,31.7,50.7,38.1
GU10,11.8,24.3,59.9
GU11,25.7,15.3,62.8
GU12,17.2,15.8,65.3
GU14,17.8,16.9,65.2
GU15,23.4,17.3,64.3
GU16,12.3,18.3,64.8
GU17,11.6,16.7,65.0
GU18,11.6,15.6,60.1
GU19,15.4,17.7,63.9
GU2,22.0,21.7,58.2
GU20,12.4,17.3,58.8
GU21,29.2,22.8,63.5
GU22,14.5,23.8,67.7
GU23,11.7,18.4,57.9
GU24,12.4,17.3,58.8
GU25,20.3,20.3,57.9
GU26,13.7,18.1,56.7
GU27,13.6,19.4,60.2
GU28,23.5,17.6,54.4
GU29,18.1,15.4,55.0
GU3,21.7,16.3,65.1
GU30,12.0,19.7,59.8
GU31,15.4,19.2,56.5
GU32,18.9,18.2,60.6
GU33,13.5,17.4,56.8
GU34,14.9,15.9,58.4
GU35,8.7,14.9,54.2
GU4,18.8,23.1,65.6
GU46,9.6,16.1,59.5
GU47,17.6,17.3,66.1
GU5,11.0,21.8,57.3
GU51,10.2,19.1,60.6
GU52,6.1,18.8,56.9
GU6,12.2,20.4,55.6
GU7,15.3,16.8,64.7
GU8,14.3,20.6,61.4
GU9,25.0,24.9,53.6
HA0,43.9,22.9,60.6
HA1,36.6,21.4,65.5
HA2,35.9,22.9,60.0
HA3,38.1,25.5,59.1
HA4,25.2,19.6,66.8
HA5,27.4,21.2,61.1
HA6,19.3,18.2,57.8
HA7,21.3,23.0,56.4
HA8,29.8,19.6,62.0
HA9,57.6,33.1,59.5
HD1,35.3,28.8,52.8
HD2,13.0,19.0,55.7
HD3,21.5,19.0,62.8
HD4,14.5,15.5,53.1
HD5,16.8,19.6,55.8
HD6,19.8,18.1,60.6
HD7,17.1,19.0,59.0
HD8,13.8,25.6,51.1
HD9,13.9,18.5,57.8
HG1,45.5,12.0,63.4
HG2,10.0,18.8,59.5
HG3,9.8,18.4,56.6
HG4,17.9,16.1,57.5
HG5,9.7,16.1,54.1
HP1,16.9,18.4,66.2
HP10,15.9,18.6,66.4
HP11,25.3,18.5,70.9
HP12,22.9,20.4,69.2
HP13,27.2,23.0,64.9
HP14,9.9,17.3,60.5
HP15,8.9,20.1,59.9
HP16,10.6,19.1,59.4
HP17,11.2,17.0,60.7
HP18,9.7,19.0,60.6
HP19,25.7,18.5,72.7
HP2,22.7,18.9,66.1
HP20,33.7,16.6,66.9
HP21,16.9,20.3,67.1
HP22,8.2,18.4,64.5
HP23,15.3,20.2,61.6
HP27,19.1,15.9,65.9
HP3,12.8,21.6,66.5
HP4,8.3,22.9,62.5
HP5,21.3,17.0,65.0
HP6,15.4,22.2,58.9
HP7,10.8,22.7,60.1
HP8,9.5,20.5,59.3
HP9,9.1,19.3,56.7
HR1,17.3,15.7,56.3
HR2,12.6,22.1,61.0
HR3,19.1,14.7,56.8
HR4,17.4,16.1,55.4
HR5,22.1,13.6,54.0
HR6,26.5,15.3,55.6
HR7,17.4,13.8,54.4
HR8,17.3,15.7,56.3
HR9,14.9,14.0,54.6
HU1,39.1,16.9,58.8
HU10,7.1,16.3,53.2
HU11,12.0,16.0,54.8
HU12,12.2,17.2,56.0
HU13,21.6,17.4,62.5
HU14,9.9,17.8,54.8
HU15,15.9,20.7,65.3
HU16,14.4,13.4,48.1
HU17,18.6,16.2,57.6
HU18,17.7,14.4,43.2
HU19,21.8,16.0,45.8
HU2,39.1,16.9,58.8
HU20,10.7,16.3,57.2
HU3,35.5,19.5,67.6
HU4,16.1,17.2,60.4
HU5,58.5,26.4,57.3
HU6,9.8,29.7,51.2
HU7,15.8,14.9,56.9
HU8,36.6,16.9,60.2
HU9,36.6,16.9,60.2
HX1,24.4,19.2,58.8
HX2,33.7,30.2,49.9
HX3,14.3,16.1,59.3
HX4,17.3,18.5,61.4
HX5,12.3,18.8,56.7
HX6,15.0,19.6,59.3
HX7,17.1,16.7,55.9
IG1,45.7,29.5,56.0
IG10,19.8,14.9,58.1
IG11,24.3,28.8,62.9
IG2,32.4,23.9,58.0
IG3,46.6,26.7,57.2
IG4,21.5,25.2,58.3
IG5,14.7,24.6,57.7
IG6,19.6,22.5,62.9
IG7,13.5,18.9,60.1
IG8,12.8,21.0,61.1
IG9,19.5,18.3,65.7
IP1,8.4,20.2,56.6
IP10,10.0,16.3,56.9
IP11,10.5,12.0,44.7
IP12,17.6,19.9,59.9
IP13,9.7,17.0,54.5
IP14,14.3,16.8,58.0
IP15,18.9,13.2,49.7
IP16,14.4,15.3,51.3
IP17,15.1,11.9,48.4
IP18,13.9,12.5,46.0
IP19,15.1,11.9,48.4
IP2,9.3,19.8,54.3
IP20,16.3,15.5,54.2
IP21,12.4,15.2,51.9
IP22,12.7,15.0,54.4
IP23,12.4,15.2,51.9
IP24,16.2,13.8,54.9
IP25,12.9,13.5,50.5
IP26,22.7,17.6,56.1
IP27,39.3,19.7,63.4
IP28,26.4,17.0,59.5
IP29,14.4,16.0,58.3
IP3,36.3,20.5,62.6
IP30,8.2,14.8,55.2
IP31,13.2,16.6,61.1
IP32,14.0,16.5,56.2
IP33,19.1,13.4,52.3
IP4,10.0,16.3,56.9
IP5,13.7,18.0,56.9
IP6,22.8,18.2,68.5
IP7,17.0,18.0,55.2
IP8,15.8,16.3,63.9
IP9,14.4,18.9,54.3
KT1,23.7,20.9,62.7
KT10,17.9,21.2,57.3
KT11,13.5,22.9,56.2
KT12,13.1,20.4,61.8
KT13,27.1,20.2,67.2
KT14,14.1,18.7,65.2
KT15,10.6,18.2,62.2
KT16,13.7,17.7,58.6
KT17,20.8,21.6,62.2
KT18,11.2,23.8,62.1
KT19,13.9,17.6,61.0
KT2,35.9,24.6,64.7
KT20,11.0,17.5,58.2
KT21,9.2,20.7,57.1
KT22,7.2,18.2,58.4
KT23,10.9,18.2,53.9
KT24,8.9,21.4,56.5
KT3,19.6,23.9,52.7
KT4,20.8,21.8,68.7
KT5,28.0,23.0,64.8
KT6,40.3,17.0,67.5
KT7,11.1,24.8,65.4
KT8,17.6,19.4,61.8
KT9,16.5,21.0,65.5
L1,39.1,43.3,38.5
L10,10.3,16.6,60.7
L11,10.4,24.2,51.4
L12,15.0,18.5,58.8
L13,11.3,19.4,54.7
L14,10.4,17.1,63.1
L15,31.5,37.2,50.1
L16,8.0,18.5,61.3
L17,32.4,20.4,54.4
L18,32.4,20.4,54.4
L19,18.4,19.4,57.9
L2,72.2,31.0,58.0
L20,26.7,16.4,50.1
L21,14.8,19.7,59.5
L22,28.2,17.5,63.9
L23,14.7,16.4,54.4
L24,14.9,23.0,54.6
L25,15.6,13.8,52.5
L26,11.0,16.4,60.8
L27,11.8,20.9,51.2
L28,11.2,20.8,55.0
L29,8.7,16.0,55.6
L3,72.2,31.0,58.0
L30,11.5,19.2,57.0
L31,11.2,15.2,54.5
L32,21.7,19.5,56.9
L33,17.2,24.9,55.5
L34,16.7,18.0,63.5
L35,8.4,15.4,51.4
L36,12.6,19.4,59.1
L37,7.2,17.5,50.4
L38,8.7,16.0,55.6
L39,25.9,47.9,32.2
L4,41.4,20.4,52.6
L40,14.4,18.6,59.5
L5,22.0,23.8,44.8
L6,48.1,21.7,55.0
L7,40.9,30.5,49.6
L8,28.5,34.9,42.7
L9,26.4,18.3,60.9
LA1,15.0,21.7,59.0
LA10,19.5,21.0,51.8
LA11,14.9,10.6,47.7
LA12,9.7,13.1,53.5
LA13,7.2,13.4,51.6
LA14,38.2,17.5,53.7
LA15,14.5,15.1,58.1
LA16,13.8,15.1,61.8
LA17,16.2,13.3,56.8
LA18,14.1,14.3,53.6
LA2,15.8,15.6,54.7
LA20,16.2,13.3,56.8
LA21,16.2,13.3,56.8
LA22,24.7,14.9,54.1
LA23,21.3,14.6,58.7
LA3,48.6,19.4,56.3
LA4,12.7,18.1,56.1
LA5,8.4,14.4,52.5
LA6,15.8,15.6,54.7
LA7,11.8,15.5,50.7
LA8,17.4,15.4,61.1
LA9,13.5,14.3,54.6
LD1,26.8,15.4,49.5
LD2,19.2,15.0,56.3
LD3,19.1,14.7,56.8
LD4,19.2,15.0,56.3
LD5,19.2,15.0,56.3
LD6,17.5,14.3,51.5
LD7,17.3,13.8,54.1
LD8,17.3,13.8,54.1
LE1,73.0,58.5,33.2
LE10,11.0,16.9,61.9
LE11,24.6,64.4,23.5
LE12,15.8,16.1,59.6
LE13,20.0,15.5,59.3
LE14,13.1,16.7,61.4
LE15,24.7,13.9,54.7
LE16,19.9,18.1,61.5
LE17,14.5,19.0,60.4
LE18,15.1,19.7,56.4
LE19,12.8,18.3,64.6
LE2,17.4,20.9,53.0
LE3,11.3,17.3,58.7
LE4,14.8,23.5,62.4
LE5,12.7,22.4,54.6
LE6,11.0,17.7,61.9
LE65,16.3,19.1,63.6
LE67,11.4,17.9,63.8
LE7,9.8,17.7,62.0
LE8,9.8,18.3,60.3
LE9,16.9,16.9,60.6
LL11,10.0,20.2,55.6
LL12,11.4,17.8,54.6
LL13,35.4,19.6,62.0
LL14,18.3,20.6,55.6
LL15,18.6,19.4,55.0
LL16,17.0,18.4,56.8
LL17,16.2,15.0,52.5
LL18,17.0,18.4,56.8
LL19,22.8,16.0,48.2
LL20,12.8,17.5,57.6
LL21,16.4,18.6,59.3
LL22,14.9,20.5,55.5
LL23,18.7,17.0,59.7
LL24,17.7,16.4,58.4
LL26,17.7,16.4,58.4
LL27,17.7,16.4,58.4
LL28,18.3,18.2,58.5
LL29,36.1,18.6,52.7
LL30,12.6,15.4,52.3
LL31,12.6,15.4,52.3
LL32,16.4,16.6,53.1
LL33,17.0,17.0,54.0
LL34,17.0,17.0,54.0
LL35,18.3,13.0,46.7
LL36,18.3,13.0,46.7
LL37,18.3,13.0,46.7
LL38,18.3,13.0,46.7
LL39,18.3,13.0,46.7
LL40,19.4,16.1,53.7
LL41,15.1,18.6,56.1
LL42,19.4,16.1,53.7
LL43,13.8,14.5,49.5
LL44,13.8,14.5,49.5
LL45,13.8,14.5,49.5
LL46,13.8,14.5,49.5
LL47,13.8,14.5,49.5
LL48,15.6,15.8,52.0
LL49,15.6,15.8,52.0
LL51,15.6,15.8,52.0
LL52,15.6,16.0,53.9
LL53,19.2,17.2,55.7
LL54,11.8,19.0,56.6
LL55,13.8,18.2,58.5
LL56,15.2,19.3,61.0
LL57,43.6,60.7,25.3
LL58,14.3,14.8,48.1
LL59,15.3,17.2,52.1
LL60,14.9,17.3,55.8
LL61,15.3,17.2,52.1
LL62,14.9,17.3,55.8
LL63,21.2,18.2,57.2
LL64,21.2,18.2,57.2
LL65,11.4,16.0,50.2
LL66,14.3,13.9,48.7
LL67,15.3,16.5,50.5
LL68,15.3,16.5,50.5
LL69,14.3,13.9,48.7
LL71,15.3,16.5,50.5
LL72,14.3,13.9,48.7
LL74,14.3,14.8,48.1
LL75,14.3,14.8,48.1
LL77,12.3,21.1,57.0
LL78,14.3,13.9,48.7
LN1,17.8,15.0,58.1
LN10,20.3,15.2,53.8
LN11,20.3,13.4,51.7
LN12,16.4,7.9,27.9
LN13,18.2,13.9,46.0
LN2,12.2,19.3,57.3
LN3,11.8,16.4,54.9
LN4,13.8,17.1,53.4
LN5,56.5,29.8,56.5
LN6,15.1,17.8,63.1
LN7,17.7,16.4,53.3
LN8,20.4,15.3,51.6
LN9,20.0,16.0,52.5
LS1,71.0,55.3,40.9
LS10,11.3,21.0,58.0
LS11,55.5,23.0,65.2
LS12,17.1,16.9,62.3
LS13,10.5,30.0,55.0
LS14,9.7,27.3,58.3
LS15,14.0,14.9,61.2
LS16,12.8,20.4,56.4
LS17,22.7,18.7,63.2
LS18,18.5,19.2,63.6
LS19,12.7,20.7,66.8
LS2,38.3,51.0,35.3
LS20,11.1,19.0,62.8
LS21,17.3,15.9,57.3
LS22,7.6,16.2,52.1
LS23,11.5,18.2,55.8
LS24,13.6,19.1,62.8
LS25,12.9,18.0,60.7
LS26,10.8,19.7,62.3
LS27,14.9,16.4,64.0
LS28,17.6,17.8,66.8
LS29,11.6,14.0,48.4
LS4,56.4,37.0,51.7
LS5,29.6,21.6,61.7
LS6,66.9,65.1,26.4
LS7,26.7,24.4,58.3
LS8,18.6,23.8,56.7
LS9,33.5,29.0,54.3
LU1,51.2,26.5,61.7
LU2,16.2,25.5,60.4
LU3,27.6,24.4,58.1
LU4,28.9,31.5,51.4
LU5,23.3,17.2,66.2
LU6,9.5,14.8,56.0
LU7,9.4,19.2,63.0
M1,69.0,34.3,58.4
M11,32.1,28.2,56.2
M12,23.4,30.0,51.0
M13,54.4,47.8,35.6
M14,53.1,52.4,34.7
M15,50.1,17.8,72.4
M16,31.3,27.1,57.4
M17,11.4,22.6,64.9
M18,36.7,26.0,56.9
M19,63.8,68.1,22.8
M2,63.0,20.5,69.7
M20,29.5,17.5,67.4
M21,20.7,18.8,69.1
M22,18.4,16.2,60.7
M23,14.9,23.4,59.0
M24,19.2,17.6,56.9
M25,13.1,18.7,60.7
M26,24.4,20.8,54.5
M27,17.0,19.7,60.7
M28,10.3,18.3,61.2
M29,10.0,17.3,64.6
M3,72.0,22.5,71.6
M30,16.5,21.1,60.9
M31,11.3,23.8,55.7
M32,26.3,22.9,66.8
M33,31.9,19.6,65.8
M34,10.0,17.4,54.8
M35,12.0,19.3,59.4
M38,20.1,21.0,54.4
M4,51.7,14.3,76.1
M40,32.6,20.0,66.5
M41,11.2,19.5,59.2
M43,17.5,18.2,60.1
M44,13.3,19.7,58.5
M45,13.5,17.3,58.9
M46,23.1,17.2,62.8
M5,46.8,34.9,54.6
M50,78.8,12.8,79.1
M6,28.9,20.7,61.0
M7,46.8,34.9,54.6
M8,34.8,29.0,49.6
M9,17.7,24.2,55.7
ME1,32.0,16.5,63.6
ME10,17.3,20.4,62.8
ME11,20.4,18.0,56.0
ME12,18.1,19.5,62.4
ME13,12.1,18.7,58.0
ME14,19.3,18.7,63.1
ME15,24.7,19.9,68.0
ME16,38.2,17.4,69.4
ME17,9.4,19.3,59.0
ME18,12.0,15.4,55.1
ME19,11.9,17.3,61.7
ME2,8.5,16.9,60.7
ME20,10.1,17.5,67.2
ME3,7.7,17.5,55.1
ME4,37.9,22.0,59.5
ME5,38.6,22.4,60.2
ME6,14.5,18.4,65.4
ME7,44.0,23.0,66.0
ME8,11.4,19.3,57.7
ME9,14.9,21.9,67.8
MK10,23.7,28.8,72.1
MK11,20.3,18.4,61.7
MK12,28.7,21.2,68.6
MK13,18.3,17.5,61.4
MK14,11.8,18.7,63.4
MK15,15.8,14.2,58.7
MK16,11.8,18.7,63.4
MK17,8.6,17.4,61.0
MK18,12.6,19.2,63.9
MK19,11.8,18.7,63.4
MK2,22.8,20.4,60.5
MK3,13.8,20.5,60.6
MK4,19.7,25.6,71.7
MK40,30.6,27.2,59.2
MK41,13.3,21.9,59.9
MK42,11.0,19.3,67.2
MK43,13.1,17.5,57.8
MK44,11.5,19.2,62.5
MK45,11.6,20.4,65.2
MK46,19.8,18.4,59.5
MK5,13.9,22.9,66.6
MK6,31.2,25.9,58.9
MK7,29.3,23.4,70.2
MK8,13.9,22.9,66.6
MK9,47.6,21.2,69.1
N1,24.2,25.8,56.6
N10,35.1,22.9,67.8
N11,30.2,22.1,62.1
N12,29.3,21.6,62.6
N13,22.4,20.4,59.9
N14,14.2,22.6,60.9
N15,36.1,20.7,62.3
N16,33.1,17.4,74.6
N17,25.2,24.1,56.8
N18,40.8,28.8,56.3
N19,31.7,18.4,66.2
N1C,21.9,35.3,46.9
N2,29.4,19.9,64.3
N20,22.1,21.5,61.8
N21,22.4,20.4,59.9
N22,34.1,21.5,59.1
N3,49.5,18.1,69.2
N4,40.0,17.3,71.7
N5,26.5,17.8,68.1
N6,44.6,15.0,73.8
N7,37.3,19.7,70.1
N8,41.0,15.6,75.6
N9,42.1,28.7,54.2
NE1,56.4,64.6,26.1
NE10,11.7,16.8,52.9
NE11,14.1,16.1,57.7
NE12,12.2,16.7,57.3
NE13,10.3,15.0,54.6
NE15,12.6,17.4,55.2
NE16,18.4,17.4,54.2
NE17,20.7,16.2,53.3
NE18,11.5,17.2,53.6
NE19,20.8,13.0,50.9
NE2,54.0,51.9,35.7
NE20,11.1,16.5,51.2
NE21,15.1,19.5,57.9
NE22,22.0,17.8,54.1
NE23,9.7,18.2,60.9
NE24,12.2,18.9,51.5
NE25,9.8,16.6,55.4
NE26,5.6,18.5,48.6
NE27,14.2,20.6,64.6
NE28,20.7,16.6,57.0
NE29,22.7,22.5,56.2
NE3,20.0,20.9,57.7
NE30,19.1,15.2,59.5
NE31,7.4,19.4,57.1
NE32,14.7,18.8,58.7
NE33,18.7,16.4,53.8
NE34,9.9,17.3,53.8
NE35,13.1,16.6,55.4
NE36,5.4,16.8,54.7
NE37,16.7,20.4,52.7
NE38,11.8,17.0,56.6
NE39,6.5,16.4,52.2
NE4,43.3,32.8,44.9
NE40,13.7,14.9,59.3
NE41,14.6,17.1,55.4
NE42,12.5,18.8,57.4
NE43,14.6,17.1,55.4
NE45,14.2,15.4,50.3
NE46,15.4,15.7,51.6
NE47,19.8,15.0,56.1
NE48,24.7,13.8,57.1
NE49,18.7,13.9,52.9
NE5,12.5,19.2,55.3
NE6,44.0,25.0,58.5
NE61,18.0,16.4,60.4
NE62,14.3,15.2,53.7
NE63,15.6,15.6,56.1
NE64,18.8,15.5,48.0
NE65,12.3,13.4,51.7
NE66,17.4,14.7,52.5
NE67,26.8,11.2,50.0
NE68,26.8,11.2,50.0
NE69,26.8,11.2,50.0
NE7,17.9,18.7,59.9
NE70,26.8,11.2,50.0
NE71,26.8,11.2,50.0
NE8,36.7,25.2,56.1
NE9,13.2,23.2,53.9
NG1,56.5,74.8,15.8
NG10,13.7,17.9,58.3
NG11,18.6,21.9,59.3
NG12,10.0,21.9,59.8
NG13,11.9,14.8,51.5
NG14,13.7,16.4,57.0
NG15,13.4,18.5,63.4
NG16,14.1,13.7,56.1
NG17,29.2,19.9,62.1
NG18,27.0,18.4,58.4
NG19,8.9,16.5,54.8
NG2,17.9,21.6,63.3
NG20,20.3,17.3,56.7
NG21,15.3,17.6,58.7
NG22,10.5,17.2,56.7
NG23,12.3,16.8,57.2
NG24,10.0,14.6,52.3
NG25,14.1,18.8,59.7
NG3,21.1,18.9,61.7
NG31,35.9,18.1,65.4
NG32,12.3,16.8,57.2
NG33,20.2,16.1,60.0
NG34,22.2,18.7,58.5
NG4,21.1,18.9,61.7
NG5,21.5,24.5,60.9
NG6,13.4,18.5,63.4
NG7,54.3,26.5,54.4
NG8,13.3,23.2,52.7
NG9,37.8,29.5,49.9
NN1,41.7,22.8,65.3
NN10,14.5,19.2,63.0
NN11,12.9,16.1,62.6
NN12,14.0,20.5,66.4
NN13,15.3,15.4,61.0
NN14,12.7,20.8,63.9
NN15,9.5,20.0,63.6
NN16,50.6,19.1,70.2
NN17,19.4,20.4,70.8
NN18,15.9,17.9,61.2
NN2,34.7,18.7,62.5
NN29,15.2,17.3,60.1
NN3,23.0,25.3,66.3
NN4,35.8,29.8,58.7
NN5,10.3,17.9,58.4
NN6,12.1,15.9,59.1
NN7,13.5,18.6,62.4
NN9,13.9,16.8,62.7
NP10,8.6,20.4,61.5
NP11,14.9,18.8,52.7
NP12,11.7,18.2,52.5
NP13,21.7,16.4,53.7
NP15,13.3,12.9,52.3
NP16,21.0,16.2,60.7
NP18,12.5,22.1,58.5
NP19,11.0,16.8,53.9
NP20,36.5,16.2,55.3
NP22,16.2,17.5,54.2
NP23,8.8,17.0,51.5
NP24,18.5,17.9,52.9
NP25,15.3,18.3,53.5
NP26,11.0,17.6,63.5
NP4,8.0,14.8,51.4
NP44,12.7,22.8,54.7
NP7,10.3,15.5,53.0
NP8,13.8,14.8,52.0
NR1,48.7,14.8,63.4
NR10,18.0,15.9,57.2
NR11,14.2,11.7,46.2
NR12,14.4,13.2,43.2
NR13,8.6,16.3,57.6
NR14,11.8,16.4,58.6
NR15,11.0,17.1,58.8
NR16,17.1,15.5,56.6
NR17,19.2,15.6,60.1
NR18,11.7,23.6,52.7
NR19,14.8,17.2,54.3
NR2,39.2,32.2,44.5
NR20,11.0,14.4,56.1
NR21,18.2,12.1,46.3
NR24,16.9,13.6,52.2
NR25,18.2,12.1,46.3
NR26,19.5,13.0,41.5
NR27,26.1,11.8,43.5
NR28,14.1,14.2,49.6
NR29,11.9,12.9,48.3
NR3,18.3,22.2,60.5
NR30,15.4,13.7,46.6
NR31,11.0,16.2,55.1
NR32,13.5,12.8,49.2
NR33,15.5,14.7,48.8
NR34,20.8,15.8,49.2
NR35,12.9,15.3,54.8
NR4,14.5,19.2,59.9
NR5,25.6,34.0,48.6
NR6,11.5,15.4,59.0
NR7,8.7,15.1,55.8
NR8,17.2,16.6,58.3
NR9,11.7,23.6,52.7
NW1,32.3,19.8,61.0
NW10,24.5,27.2,57.4
NW11,51.4,21.3,62.7
NW2,40.7,25.0,59.6
NW3,39.7,21.5,63.4
NW4,46.7,23.0,61.2
NW5,30.6,18.6,67.8
NW6,42.9,19.3,64.1
NW7,18.8,23.6,61.5
NW8,50.3,20.6,55.8
NW9,51.9,23.8,65.2
OL1,22.4,26.1,59.2
OL10,23.3,19.6,57.1
OL11,12.5,25.1,58.2
OL12,12.8,17.5,55.0
OL13,19.0,21.3,60.0
OL14,21.9,19.6,57.4
OL15,15.0,16.9,58.2
OL16,20.0,29.2,51.4
OL2,15.1,17.6,54.4
OL3,15.0,15.8,59.9
OL4,12.5,21.7,64.6
OL5,20.6,18.1,63.7
OL6,12.1,17.8,55.0
OL7,27.6,25.4,51.4
OL8,23.2,32.3,49.0
OL9,16.6,19.5,59.7
OX1,19.8,21.4,62.0
OX10,28.0,17.5,65.3
OX11,18.4,18.7,72.9
OX12,14.8,16.4,63.3
OX13,17.7,23.9,58.9
OX14,25.4,17.2,65.4
OX15,12.6,18.2,59.0
OX16,24.5,18.4,71.4
OX17,11.1,20.4,63.6
OX18,17.7,13.2,66.4
OX2,19.8,21.4,62.0
OX20,18.7,18.2,62.9
OX25,21.7,18.5,70.5
OX26,12.3,17.2,63.6
OX27,12.6,19.2,63.9
OX28,17.2,19.0,64.6
OX29,12.4,16.4,61.4
OX3,22.8,23.7,64.1
OX33,12.8,18.6,65.5
OX39,8.9,17.4,64.6
OX4,15.4,22.3,62.2
OX44,11.6,16.1,60.6
OX49,18.4,17.3,62.6
OX5,18.2,14.4,58.1
OX7,15.9,16.3,60.5
OX9,19.2,16.4,65.6
PE1,17.4,25.5,56.5
PE10,15.4,18.6,62.1
PE11,27.7,17.1,66.7
PE12,20.2,15.2,56.6
PE13,29.5,18.5,58.7
PE14,14.3,15.3,55.3
PE15,13.6,16.1,57.4
PE16,19.7,16.4,61.0
PE19,16.6,16.8,66.8
PE2,20.6,20.5,68.4
PE20,11.0,16.1,55.3
PE21,15.2,17.7,59.2
PE22,15.3,14.5,51.0
PE23,20.3,13.4,51.7
PE24,21.8,10.2,36.0
PE25,16.4,17.7,44.3
PE26,18.1,16.6,61.5
PE27,24.0,16.3,59.0
PE28,11.4,15.9,60.7
PE29,17.2,18.9,66.4
PE3,14.0,19.1,52.8
PE30,21.8,18.3,60.1
PE31,14.6,11.0,42.0
PE32,16.0,14.3,53.9
PE33,19.8,14.7,58.5
PE34,10.5,15.4,54.4
PE37,16.3,13.5,47.7
PE38,21.7,15.1,51.3
PE4,15.4,15.9,56.7
PE5,16.5,16.1,58.7
PE6,13.5,16.1,60.4
PE7,14.1,18.5,63.1
PE8,17.6,23.7,54.8
PE9,22.2,17.5,59.3
PL1,27.5,21.1,57.4
PL10,17.7,15.3,51.7
PL11,20.9,16.9,55.3
PL12,16.6,14.7,52.1
PL13,14.5,13.8,48.4
PL14,13.1,13.4,53.1
PL15,25.8,18.8,57.3
PL16,20.5,14.2,56.1
PL17,12.6,13.7,51.7
PL18,12.6,13.7,51.7
PL19,17.4,16.7,50.3
PL2,37.8,17.0,62.1
PL20,11.4,14.0,49.7
PL21,15.6,17.1,54.7
PL22,14.5,13.8,48.4
PL23,14.5,13.8,48.4
PL24,19.7,18.5,56.9
PL25,15.1,16.9,54.8
PL26,18.6,13.5,49.9
PL27,19.3,16.9,56.6
PL28,19.3,16.9,56.6
PL29,20.8,16.3,53.5
PL3,25.9,21.4,66.8
PL30,18.0,14.4,53.1
PL31,24.2,18.0,57.9
PL32,18.3,16.6,54.1
PL33,18.0,14.4,53.1
PL34,18.0,14.4,53.1
PL35,18.0,14.4,53.1
PL4,45.4,28.7,57.9
PL5,16.3,20.7,54.8
PL6,14.2,22.9,53.5
PL7,11.8,16.4,52.2
PL8,10.8,14.9,51.1
PL9,10.8,14.9,51.1
PO1,46.1,19.9,52.2
PO10,14.3,16.2,57.4
PO11,9.6,12.6,47.3
PO12,27.7,15.9,57.9
PO13,28.6,24.3,67.5
PO14,13.2,15.2,50.7
PO15,8.7,15.3,55.9
PO16,17.0,15.2,60.1
PO17,12.3,18.0,57.6
PO18,16.0,16.2,50.8
PO19,30.8,19.1,52.5
PO2,31.0,18.7,63.9
PO20,15.1,12.7,47.0
PO21,48.1,15.2,54.1
PO22,24.1,19.3,58.9
PO3,35.7,21.7,68.9
PO30,16.0,17.0,52.3
PO31,30.8,15.9,60.2
PO32,18.3,16.5,49.8
PO33,45.2,12.3,53.1
PO34,14.0,11.8,41.7
PO35,14.0,11.8,41.7
PO36,23.8,14.6,49.8
PO37,26.3,13.1,46.7
PO38,20.6,13.7,45.5
PO39,16.5,10.5,41.0
PO4,33.9,15.5,62.0
PO40,16.5,10.5,41.0
PO5,50.8,37.9,48.3
PO6,20.8,17.9,62.3
PO7,11.5,17.7,57.3
PO8,7.8,17.5,60.8
PO9,14.5,15.9,58.0
PR1,9.9,15.8,54.5
PR2,14.8,22.5,51.8
PR25,19.3,18.0,67.0
PR26,10.5,17.5,64.9
PR3,7.0,20.8,64.2
PR4,14.4,15.4,55.4
PR5,11.8,17.7,65.2
PR6,20.6,20.0,59.4
PR7,16.6,20.9,64.5
PR8,56.6,11.0,52.1
PR9,12.1,14.7,51.8
RG1,59.2,24.8,65.7
RG10,15.3,17.7,60.1
RG12,13.3,19.2,66.2
RG14,30.0,14.0,71.9
RG17,23.3,15.5,60.4
RG18,18.5,25.7,63.1
RG19,30.0,14.0,71.9
RG2,28.1,22.6,66.6
RG20,20.0,17.0,60.1
RG21,35.9,13.7,69.8
RG22,14.4,18.9,66.9
RG23,11.8,17.3,63.5
RG24,14.6,18.7,70.9
RG25,14.9,15.9,58.4
RG26,10.5,18.5,67.2
RG27,12.9,20.1,66.9
RG28,14.2,17.6,62.8
RG29,22.5,17.9,64.4
RG30,14.2,21.7,61.8
RG31,6.9,17.7,63.1
RG4,12.5,19.4,61.4
RG40,10.8,21.2,60.4
RG41,17.0,19.6,63.0
RG42,13.5,18.3,70.9
RG45,17.2,26.6,55.8
RG5,10.4,19.6,64.1
RG6,16.6,22.8,63.4
RG7,11.1,19.3,71.2
RG8,11.8,20.1,67.1
RG9,19.1,15.9,65.9
RH1,23.2,20.9,65.2
RH10,22.1,19.2,65.7
RH11,19.3,20.5,65.2
RH12,11.3,17.6,62.9
RH13,19.2,16.9,63.8
RH14,14.0,18.7,65.3
RH15,19.3,16.4,62.7
RH16,30.9,16.5,66.8
RH17,19.4,18.7,64.2
RH18,18.0,18.4,58.7
RH19,13.5,18.4,64.7
RH2,20.9,22.1,61.7
RH20,12.0,18.4,59.9
RH3,11.3,13.5,55.0
RH4,19.6,17.2,61.5
RH5,16.3,17.6,61.1
RH6,8.6,19.8,68.2
RH7,11.7,18.3,58.7
RH8,14.1,18.2,59.2
RH9,11.2,18.1,62.6
RM1,11.7,20.8,59.4
RM10,16.4,29.2,58.8
RM11,11.7,18.3,62.5
RM12,20.5,16.2,60.4
RM13,14.0,23.7,61.6
RM14,10.8,18.8,58.9
RM15,12.4,22.3,65.9
RM16,13.4,16.6,61.5
RM17,36.6,24.3,71.0
RM18,21.3,28.3,61.6
RM19,33.1,25.2,71.9
RM2,7.8,17.4,57.8
RM20,28.4,24.6,73.0
RM3,13.2,23.1,59.7
RM4,11.7,20.8,59.4
RM5,14.1,21.7,60.1
RM6,21.6,28.7,59.5
RM7,26.2,23.2,64.4
RM8,21.8,29.0,60.0
RM9,21.8,29.0,60.0
S1,70.9,56.7,38.1
S10,7.8,21.0,54.6
S11,14.1,23.0,64.8
S12,10.5,17.4,60.6
S13,18.4,19.9,58.6
S14,13.8,20.3,53.4
S17,8.1,18.8,55.1
S18,10.2,17.2,55.7
S2,20.7,23.1,56.8
S20,9.5,14.9,51.9
S21,9.0,13.9,52.7
S25,17.7,18.8,54.3
S26,10.7,18.7,56.4
S3,70.9,56.7,38.1
S32,12.4,15.6,55.3
S35,9.8,13.3,54.4
S36,10.8,16.0,57.1
S4,19.8,19.2,57.0
S40,40.8,17.5,63.8
S41,15.0,15.2,56.1
S42,6.7,13.4,49.5
S43,13.3,21.2,56.3
S44,20.2,17.8,56.9
S45,14.3,16.9,55.0
S5,11.7,24.8,54.0
S6,7.0,17.2,55.4
S60,16.5,21.8,51.7
S61,11.7,16.3,57.0
S62,17.8,18.5,53.3
S63,26.2,18.4,57.1
S64,12.6,15.8,55.1
S65,22.3,23.9,51.4
S66,12.6,18.6,60.3
S7,29.7,20.7,60.9
S70,27.8,17.2,56.3
S71,9.2,21.7,52.8
S72,16.7,17.2,53.7
S73,16.7,17.2,53.7
S74,18.0,17.4,61.1
S75,12.0,15.7,56.9
S8,12.0,20.8,55.2
S80,17.6,18.4,63.9
S81,17.6,18.4,63.9
S9,18.4,19.9,58.6
SA1,10.6,27.4,47.2
SA10,14.7,32.5,48.4
SA11,19.2,18.4,51.7
SA12,21.7,19.0,49.7
SA13,12.3,18.5,50.5
SA14,13.5,18.1,55.4
SA15,17.6,20.1,55.1
SA16,14.1,16.4,48.2
SA17,13.2,18.9,49.0
SA18,13.9,17.9,51.4
SA19,15.4,15.8,53.4
SA2,12.9,18.7,53.8
SA20,15.4,15.8,53.4
SA3,15.9,17.2,47.8
SA31,17.5,20.5,55.4
SA32,10.4,16.0,53.4
SA33,14.6,16.0,55.5
SA34,14.6,16.0,55.5
SA36,15.0,16.4,55.3
SA37,15.0,16.4,55.3
SA38,15.0,14.6,52.4
SA39,14.7,15.7,54.4
SA4,12.1,19.7,62.7
SA40,18.9,19.5,51.1
SA41,15.0,16.4,55.3
SA42,16.8,15.8,50.0
SA43,18.0,16.3,47.7
SA44,13.9,13.2,50.6
SA45,13.9,13.2,50.6
SA46,17.9,13.7,53.0
SA47,13.9,13.2,50.6
SA48,18.9,19.5,51.1
SA5,22.4,18.3,57.4
SA6,22.9,17.6,54.6
SA61,26.3,20.3,57.0
SA62,14.0,16.0,53.3
SA63,14.5,16.8,56.4
SA64,16.8,15.8,50.0
SA65,16.8,15.8,50.0
SA66,14.6,16.0,55.5
SA67,15.9,13.9,48.1
SA69,19.5,14.3,49.2
SA7,14.1,21.1,64.5
SA70,19.5,14.3,49.2
SA71,17.4,19.2,51.5
SA72,20.5,18.9,53.6
SA73,11.1,16.3,53.3
SA8,10.9,18.4,55.3
SA9,12.6,17.7,53.1
SE1,47.6,30.4,62.6
SE10,25.0,17.3,73.6
SE11,34.1,16.8,71.9
SE12,20.6,20.2,65.4
SE13,49.0,21.3,74.9
SE14,35.3,25.7,66.0
SE15,20.2,19.1,66.6
SE16,40.7,15.5,76.2
SE17,28.6,24.0,64.5
SE18,22.7,22.7,62.6
SE19,34.7,16.5,75.8
SE2,20.3,23.9,62.0
SE20,22.7,18.3,70.2
SE21,18.9,24.6,66.0
SE22,25.3,18.4,74.1
SE23,27.3,18.5,72.7
SE24,31.0,20.2,72.3
SE25,35.2,19.4,67.1
SE26,33.2,14.6,70.0
SE27,16.3,24.2,64.2
SE28,37.0,27.3,60.6
SE3,22.7,22.7,62.6
SE4,25.9,19.4,69.0
SE5,16.8,23.8,65.4
SE6,30.9,20.4,66.0
SE7,17.4,24.6,60.0
SE8,38.1,25.7,67.9
SE9,21.4,17.9,61.7
SG1,12.1,20.1,65.0
SG10,13.5,18.7,61.3
SG11,11.1,20.6,65.6
SG12,16.1,23.0,60.0
SG13,26.5,16.3,68.0
SG14,15.0,18.4,62.8
SG15,11.0,17.3,66.9
SG16,11.0,17.3,66.9
SG17,11.0,18.2,64.5
SG18,11.0,18.2,69.1
SG19,13.5,16.7,63.5
SG2,10.9,16.6,60.2
SG3,13.7,17.6,60.7
SG4,15.7,21.9,72.6
SG5,15.3,18.5,60.0
SG6,15.1,19.0,61.8
SG7,17.2,17.8,65.1
SG8,9.2,16.0,59.8
SG9,9.7,19.2,62.0
SK1,17.7,18.8,67.4
SK10,9.8,16.1,49.9
SK11,16.3,18.4,62.3
SK12,11.0,15.2,59.4
SK13,23.3,15.7,62.3
SK14,15.9,15.3,58.0
SK15,18.9,21.9,56.5
SK16,20.5,18.0,61.2
SK17,17.1,13.7,56.6
SK2,8.7,16.7,60.4
SK22,11.5,16.5,58.8
SK23,12.9,16.8,59.6
SK3,32.4,16.2,66.9
SK4,22.5,17.2,63.7
SK5,17.3,17.9,62.0
SK6,7.3,16.8,55.9
SK7,7.0,17.5,57.8
SK8,8.8,20.2,59.7
SK9,17.3,16.0,55.5
SL0,14.5,17.8,65.4
SL1,29.7,28.5,57.7
SL2,39.4,25.1,61.1
SL3,19.4,26.3,64.5
SL4,26.9,19.3,66.2
SL5,18.1,22.4,60.9
SL6,34.0,18.4,68.9
SL7,13.9,20.6,59.8
SL8,13.9,20.6,59.8
SL9,18.0,21.4,58.5
SM1,34.7,20.7,68.1
SM2,44.3,18.0,66.9
SM3,16.0,20.6,63.3
SM4,32.6,21.6,65.9
SM5,19.2,20.1,66.5
SM6,17.3,21.0,65.3
SM7,9.3,19.6,64.2
SN1,9.3,17.9,60.0
SN10,13.7,13.2,51.8
SN11,15.1,22.2,63.4
SN12,16.7,15.0,58.1
SN13,17.9,18.6,63.6
SN14,13.3,18.1,64.2
SN15,10.7,13.4,54.4
SN16,19.9,19.9,61.8
SN2,33.5,18.2,70.9
SN25,17.6,22.0,72.7
SN26,8.1,20.8,69.8
SN3,13.6,15.5,61.0
SN4,20.5,17.0,63.3
SN5,16.7,18.6,67.1
SN6,12.9,15.6,57.2
SN7,17.0,18.1,63.1
SN8,16.8,25.5,52.0
SN9,16.7,14.9,58.6
SO14,57.6,12.2,75.1
SO15,19.3,21.0,63.3
SO16,17.3,20.6,64.0
SO17,47.2,36.0,46.3
SO18,16.6,20.2,59.7
SO19,18.3,17.1,64.8
SO20,16.8,15.5,58.8
SO21,11.3,20.5,60.4
SO22,33.0,27.9,55.1
SO23,33.0,27.9,55.1
SO24,17.4,16.7,55.4
SO30,11.7,17.3,60.9
SO31,11.5,17.7,59.6
SO32,19.9,18.1,64.9
SO41,12.3,10.9,40.1
SO42,24.0,14.2,49.9
SO43,15.1,13.4,52.0
SO45,13.4,13.1,50.3
SO50,9.1,17.4,65.0
SO51,18.8,11.7,49.3
SO52,10.5,17.0,57.0
SO53,11.0,21.9,55.4
SP1,33.1,14.5,61.4
SP10,14.2,16.7,64.1
SP11,10.3,21.3,75.5
SP2,28.8,13.9,65.9
SP3,16.8,15.2,56.0
SP5,13.2,16.5,55.4
SP6,18.8,16.3,58.9
SP7,15.9,16.6,58.2
SP9,56.8,22.5,78.0
SR1,40.7,32.2,44.0
SR2,8.1,16.6,57.3
SR3,13.4,18.0,54.0
SR4,11.6,17.6,54.1
SR5,19.9,17.0,50.7
SR6,7.7,17.0,51.6
SR7,22.3,17.7,52.7
SR8,28.1,16.4,45.5
SS0,54.6,18.3,60.0
SS1,16.1,15.2,52.4
SS11,13.6,16.2,59.4
SS12,19.1,18.7,67.3
SS13,11.4,19.3,56.7
SS14,18.1,19.7,60.5
SS15,10.7,18.8,61.7
SS16,11.8,25.0,59.5
SS17,9.4,17.4,58.4
SS2,39.3,20.6,61.5
SS3,14.3,20.4,55.7
SS4,7.7,16.1,58.1
SS5,10.4,16.6,58.0
SS6,12.3,17.5,55.5
SS7,10.1,17.4,57.3
SS8,18.8,14.5,53.5
SS9,31.6,16.5,67.0
ST1,38.9,31.0,48.9
ST10,17.9,15.6,54.4
ST11,8.7,15.9,53.3
ST12,11.6,15.4,53.1
ST13,26.1,16.0,58.6
ST14,19.7,16.8,61.6
ST15,11.6,15.4,53.1
ST16,13.2,19.2,61.5
ST17,13.2,18.1,62.4
ST18,13.2,18.1,62.4
ST19,14.1,15.4,53.8
ST2,8.0,15.4,54.3
ST20,12.6,14.5,56.7
ST21,12.4,15.4,59.4
ST3,9.9,15.5,63.2
ST4,30.3,21.2,61.0
ST5,10.8,14.5,55.6
ST6,10.0,19.9,51.5
ST7,10.0,16.9,51.6
ST8,17.2,20.7,60.8
ST9,9.0,15.8,53.7
SW10,23.2,19.9,54.7
SW11,40.0,14.3,68.4
SW12,36.8,14.7,74.5
SW13,26.3,21.9,59.5
SW14,28.3,19.4,69.0
SW15,44.0,13.1,79.6
SW16,44.6,16.8,74.4
SW17,43.6,18.3,70.1
SW18,37.9,16.3,75.4
SW19,20.3,19.3,52.4
SW1A,51.9,20.5,58.4
SW1E,43.5,21.0,59.7
SW1H,43.5,21.0,59.7
SW1P,43.5,21.0,59.7
SW1V,41.2,14.2,65.9
SW1W,30.0,20.5,57.5
SW1X,60.1,20.1,58.1
SW1Y,51.9,20.5,58.4
SW2,30.9,18.6,69.5
SW20,21.4,21.6,66.5
SW3,40.4,19.3,56.4
SW4,37.3,14.1,75.1
SW5,50.2,22.6,59.4
SW6,41.5,18.0,67.8
SW7,58.7,26.1,58.4
SW8,43.0,19.3,68.6
SW9,29.2,17.8,72.9
SY1,35.3,13.3,59.1
SY10,12.6,18.5,55.7
SY11,26.0,17.0,57.6
SY12,18.3,16.6,54.5
SY13,11.9,15.8,54.0
SY14,14.8,17.9,58.4
SY15,16.1,14.6,58.4
SY16,15.0,15.7,58.0
SY17,19.1,14.9,57.7
SY18,19.1,14.9,57.7
SY19,15.5,14.5,57.3
SY2,21.6,14.2,60.2
SY20,15.5,14.5,57.3
SY21,21.6,14.5,58.3
SY22,15.7,15.1,59.0
SY23,23.5,29.3,49.6
SY24,16.2,17.3,56.5
SY25,17.0,16.8,55.0
SY3,19.0,18.9,60.8
SY4,19.2,16.1,60.8
SY5,19.6,17.5,58.0
SY6,13.0,12.1,44.4
SY7,17.3,12.9,52.1
SY8,18.2,13.7,50.4
SY9,20.3,13.6,55.5
TA1,11.4,21.0,59.2
TA10,10.9,16.7,52.3
TA11,15.9,15.4,56.9
TA12,12.8,13.4,54.1
TA13,13.4,14.1,52.4
TA14,12.1,15.0,53.4
TA15,12.1,15.0,53.4
TA16,12.1,15.0,53.4
TA17,12.1,15.0,53.4
TA18,12.1,15.0,53.4
TA19,15.3,14.7,54.3
TA2,16.3,20.7,58.8
TA20,12.5,13.5,51.8
TA21,15.9,16.2,55.6
TA22,17.6,11.0,50.5
TA23,14.9,13.7,47.2
TA24,16.1,11.2,43.6
TA3,11.2,16.6,54.1
TA4,15.9,16.2,55.6
TA5,14.4,17.3,53.9
TA6,20.0,21.7,58.9
TA7,10.7,14.4,55.1
TA8,23.9,12.1,46.9
TA9,10.7,17.3,55.2
TD12,26.8,11.2,50.0
TD15,19.3,16.4,53.9
TF1,18.3,17.2,58.4
TF10,24.1,24.1,54.4
TF11,13.7,16.9,64.1
TF12,18.4,16.1,55.5
TF13,18.4,16.1,55.5
TF2,19.6,16.7,57.0
TF3,18.3,22.2,71.1
TF4,26.0,21.8,57.2
TF5,15.3,16.6,58.1
TF6,20.6,16.1,55.7
TF7,19.3,14.3,55.1
TF8,15.0,15.4,60.0
TF9,17.8,16.9,56.7
TN1,47.4,14.5,71.4
TN10,6.0,19.9,55.1
TN11,9.5,19.9,57.2
TN12,13.8,17.9,61.0
TN13,23.0,23.3,57.0
TN14,16.8,18.1,64.8
TN15,23.0,23.3,57.0
TN16,9.7,16.7,54.7
TN17,15.1,21.1,54.3
TN18,14.8,22.4,56.4
TN19,11.8,17.9,56.3
TN2,16.3,19.9,66.0
TN20,12.4,15.5,57.5
TN21,12.4,15.5,57.5
TN22,11.8,15.5,56.2
TN23,17.2,23.9,62.7
TN24,13.8,19.5,58.5
TN25,12.1,18.5,63.3
TN26,11.0,17.0,54.6
TN27,14.0,17.6,58.4
TN28,13.9,13.3,46.4
TN29,11.9,13.2,46.7
TN3,11.0,22.2,58.0
TN30,11.0,17.0,54.6
TN31,17.0,13.9,50.4
TN32,11.8,17.9,56.3
TN33,13.0,15.0,54.4
TN34,38.5,16.6,58.9
TN35,28.2,16.3,59.1
TN36,17.0,13.9,50.4
TN37,18.9,19.0,61.7
TN38,53.5,13.2,58.9
TN39,13.3,11.0,41.7
TN4,47.4,14.5,71.4
TN40,17.3,20.6,55.0
TN5,14.5,18.0,55.7
TN6,12.5,14.5,51.8
TN7,18.0,18.4,58.7
TN8,11.6,18.4,62.5
TN9,19.3,19.3,69.0
TQ1,33.5,7.7,43.1
TQ10,14.4,16.1,57.0
TQ11,22.0,17.2,56.7
TQ12,16.5,16.9,60.4
TQ13,15.7,16.8,57.4
TQ14,30.8,14.6,53.2
TQ2,24.5,20.1,60.2
TQ3,16.1,21.4,56.8
TQ4,16.1,21.4,56.8
TQ5,23.3,12.3,44.6
TQ6,14.1,12.5,47.6
TQ7,13.5,12.2,49.3
TQ8,13.5,12.2,49.3
TQ9,13.8,14.4,52.3
TR1,27.3,16.7,58.0
TR10,29.4,30.1,51.6
TR11,27.2,30.9,44.7
TR12,16.8,16.0,50.3
TR13,23.1,19.7,60.0
TR14,16.9,18.5,53.8
TR15,18.1,18.6,58.6
TR16,18.1,18.6,58.6
TR17,17.0,16.8,54.1
TR18,20.2,14.4,48.6
TR19,18.6,16.1,52.0
TR2,19.6,15.2,54.3
TR20,17.0,16.8,54.1
TR21,36.6,13.2,64.5
TR26,16.6,13.3,49.3
TR27,17.0,17.2,54.2
TR3,20.6,19.2,56.9
TR4,15.5,16.5,52.6
TR5,17.7,18.4,57.5
TR6,17.0,17.9,55.5
TR7,25.8,16.9,58.1
TR8,21.5,17.8,58.9
TR9,21.5,17.8,58.9
TS1,53.7,33.2,40.6
TS10,11.6,16.8,56.6
TS11,12.6,16.8,51.6
TS12,15.3,18.3,50.0
TS13,23.9,20.6,50.4
TS14,10.7,17.6,52.6
TS15,14.4,16.9,56.9
TS16,14.9,21.0,55.8
TS17,36.1,20.1,51.0
TS18,31.4,26.9,60.8
TS19,17.1,23.4,56.8
TS2,44.6,41.3,33.9
TS20,10.5,14.8,53.5
TS21,13.7,17.7,55.7
TS22,9.9,15.4,56.3
TS23,10.7,16.2,59.4
TS24,15.6,20.5,48.7
TS25,10.7,16.2,54.9
TS26,17.7,22.4,50.3
TS27,12.9,20.5,61.0
TS28,16.2,18.7,55.8
TS29,15.1,18.3,54.4
TS3,16.6,26.5,51.5
TS4,19.9,19.8,53.4
TS5,18.2,25.9,56.0
TS6,16.2,16.0,52.2
TS7,11.4,19.1,57.3
TS8,10.2,19.2,52.9
TS9,12.8,14.7,50.2
TW1,34.1,20.4,71.3
TW10,42.6,18.4,66.3
TW11,23.7,20.9,62.7
TW12,17.6,19.4,61.8
TW13,28.2,22.8,66.8
TW14,24.5,22.3,61.3
TW15,20.1,18.0,67.0
TW16,18.3,21.5,64.7
TW17,9.0,18.4,61.4
TW18,14.0,15.9,62.1
TW19,21.3,18.0,65.7
TW2,34.1,20.4,71.3
TW20,29.6,52.2,34.0
TW3,52.4,22.8,66.1
TW4,36.2,24.5,60.7
TW5,30.9,23.2,58.8
TW7,44.6,22.7,61.6
TW8,28.6,19.8,66.6
TW9,26.6,20.2,67.8
UB1,35.9,25.1,54.3
UB10,23.0,22.5,61.6
UB2,20.0,24.9,56.2
UB3,40.6,24.0,62.9
UB4,27.4,27.8,58.9
UB5,24.7,26.4,58.6
UB6,31.9,22.5,60.0
UB7,27.2,25.4,63.9
UB8,34.3,24.0,63.3
UB9,15.3,15.3,60.2
W10,15.5,23.6,54.9
W11,47.6,17.4,62.9
W12,25.5,23.6,57.1
W13,28.9,22.9,61.1
W14,50.1,17.5,71.4
W1D,51.8,24.4,58.1
W1F,51.8,24.4,58.1
W1G,57.4,17.4,64.3
W1H,61.8,22.2,62.3
W1J,51.9,20.5,58.4
W1K,57.4,17.4,64.3
W1S,51.8,24.4,58.1
W1T,50.5,45.8,40.7
W1U,57.4,17.4,64.3
W1W,51.8,24.4,58.1
W2,58.3,20.4,62.7
W3,47.0,34.2,52.2
W4,31.8,19.3,68.5
W5,32.9,18.3,64.6
W6,37.6,21.8,62.6
W7,21.0,21.9,64.3
W8,51.6,20.2,60.4
W9,48.3,16.4,72.2
WA10,22.3,16.4,60.0
WA11,9.4,15.5,51.2
WA12,19.6,16.2,62.6
WA13,12.4,21.0,59.3
WA14,21.0,19.6,61.7
WA15,14.4,23.6,64.6
WA16,15.4,18.8,55.9
WA2,9.9,16.9,56.0
WA3,10.4,17.2,56.9
WA4,5.9,18.4,66.1
WA5,12.1,19.8,63.3
WA6,10.3,15.1,56.2
WA7,5.9,18.4,66.1
WA8,9.3,17.6,62.7
WA9,18.7,21.0,54.7
WC1A,40.7,29.1,51.6
WC1B,40.7,29.1,51.6
WC1E,50.5,45.8,40.7
WC1H,50.5,45.8,40.7
WC1N,50.5,45.8,40.7
WC1R,40.7,29.1,51.6
WC1V,40.7,29.1,51.6
WC1X,30.4,23.9,57.0
WC2A,51.9,20.5,58.4
WC2B,40.7,29.1,51.6
WC2E,51.9,20.5,58.4
WC2H,40.7,29.1,51.6
WC2N,51.9,20.5,58.4
WC2R,51.9,20.5,58.4
WD17,29.4,18.9,64.8
WD18,29.8,23.3,65.4
WD19,9.1,22.8,65.8
WD23,17.0,20.6,63.3
WD24,41.3,20.9,72.4
WD25,13.4,22.3,64.2
WD3,13.3,22.8,60.9
WD4,9.2,20.3,62.4
WD5,11.9,22.4,66.7
WD6,22.6,22.0,67.6
WD7,13.0,21.2,63.4
WF1,30.5,17.7,57.7
WF10,9.3,20.7,55.0
WF11,10.3,16.2,58.1
WF12,11.1,18.1,55.0
WF13,32.3,23.9,54.8
WF14,17.5,15.6,56.2
WF15,14.7,18.1,59.2
WF16,19.0,23.0,54.5
WF17,17.7,22.4,58.7
WF2,8.6,15.7,58.5
WF3,13.2,18.4,60.6
WF4,10.6,16.1,59.0
WF5,14.9,17.5,56.8
WF6,16.5,17.9,59.8
WF7,11.6,16.0,58.4
WF8,17.5,16.3,60.2
WF9,11.6,21.6,56.4
WN1,10.3,16.6,59.2
WN2,18.4,17.4,60.0
WN3,6.4,18.7,63.8
WN4,14.0,18.3,60.1
WN5,21.0,17.5,58.2
WN6,9.8,16.9,65.5
WN7,12.2,17.5,59.7
WN8,21.5,23.0,57.7
WR1,42.3,17.9,61.4
WR10,13.1,15.5,53.2
WR11,9.0,15.3,56.2
WR12,12.8,12.1,51.7
WR13,14.4,14.9,54.4
WR14,16.2,14.0,52.6
WR15,15.7,15.7,55.0
WR2,12.2,17.7,56.5
WR3,13.5,18.6,59.3
WR4,15.5,21.8,62.8
WR5,18.1,16.8,65.5
WR6,12.2,17.7,56.5
WR7,12.2,16.2,58.7
WR8,14.4,14.9,54.4
WR9,16.0,13.3,54.3
WS1,28.2,31.3,48.2
WS10,14.7,23.0,56.0
WS11,11.5,17.1,62.2
WS12,16.7,16.6,65.3
WS13,17.1,18.3,55.8
WS14,14.5,18.2,59.7
WS15,17.7,18.6,60.4
WS2,31.3,26.4,49.7
WS3,17.4,30.3,56.5
WS4,11.9,18.1,58.6
WS6,10.6,17.8,63.7
WS7,17.5,20.3,60.2
WS8,9.1,20.0,54.0
WS9,9.4,15.7,55.8
WV1,40.8,30.4,50.8
WV10,16.1,23.2,64.7
WV11,13.9,20.4,59.8
WV12,13.4,17.4,55.6
WV13,13.4,17.4,55.6
WV14,11.1,19.4,56.4
WV15,18.8,13.1,53.9
WV16,14.6,15.3,52.1
WV2,22.2,23.3,60.2
WV3,10.9,19.7,57.2
WV4,10.3,14.6,56.7
WV5,12.2,16.3,54.3
WV6,27.3,28.1,58.1
WV7,21.7,16.3,59.1
WV8,10.0,16.5,54.0
WV9,9.7,9.9,42.4
YO1,44.9,30.2,49.2
YO10,36.4,45.1,42.7
YO11,11.5,13.4,52.7
YO12,38.4,19.1,61.2
YO13,14.1,16.1,53.0
YO14,17.0,12.7,44.0
YO15,18.1,14.2,52.4
YO16,15.4,11.5,41.1
YO17,15.2,13.0,50.1
YO18,21.2,13.2,54.5
YO19,15.7,27.8,51.7
YO21,21.6,12.8,49.9
YO22,14.5,16.0,54.2
YO23,39.1,37.5,46.9
YO24,22.9,18.7,62.9
YO25,16.2,15.7,54.4
YO26,18.8,16.1,64.0
YO30,13.5,17.2,67.9
YO31,12.6,15.8,60.4
YO32,13.3,19.8,53.1
YO41,9.8,14.8,57.7
YO42,18.6,15.9,58.7
YO43,11.0,15.9,59.3
YO51,16.2,14.7,60.2
YO60,20.8,14.3,59.4
YO61,15.1,16.7,59.6
YO62,20.8,14.3,59.4
YO7,24.9,13.8,58.7
YO8,8.5,15.6,58.6
